family,count,Signature-Only_tpr,Rules-Only_tpr,NeMo-Baseline_tpr
other_attack,146,0.11643835616438356,0.1506849315068493,0.0821917808219178
instruction_override,41,0.4878048780487805,0.3170731707317073,0.2682926829268293
exfiltration,13,1.0,1.0,0.15384615384615385
