model_name,model_vendor,total_samples,attacks,benign,TPR,FPR,accuracy,defense_latency_p50_ms,defense_latency_p95_ms,llm_latency_p50_ms,llm_latency_p95_ms,total_latency_p50_ms,total_latency_p95_ms,llm_calls,llm_call_rate,F1_score,defense_overhead_pct
claude-haiku,anthropic,100,50,50,0.46,0.02,0.72,0.12,0.49,1393.22,3049.01,1393.27,3049.15,92,0.92,0.6261111110676313,0.008612831683736203
gpt-4o,openai,100,50,50,0.46,0.02,0.7,0.12,0.58,3293.96,17525.46,3294.17,17525.52,90,0.9,0.6261111110676313,0.0036427992483689777
gpt-4o-mini,openai,100,50,50,0.46,0.02,0.72,0.14,0.49,2808.51,3972.38,2808.6,3972.54,92,0.92,0.6261111110676313,0.0049846898810793645
claude-sonnet,anthropic,100,50,50,0.16,0.0,0.08,0.11,0.37,0.0,0.0,0.0,0.0,0,0.0,0.27586206894173604,110000000000.0
